{
  "10000": {
    "Q1 top repos": {
      "parquet": {
        "p50": 0.002797,
        "p99": 0.01017,
        "raw": [
          0.01017,
          0.002754,
          0.002797,
          0.004363,
          0.011221,
          0.00184,
          0.000906
        ]
      },
      "jsonl": {
        "p50": 0.027345,
        "p99": 0.048784,
        "raw": [
          0.062431,
          0.027345,
          0.048649,
          0.021522,
          0.048784,
          0.021633,
          0.025675
        ]
      },
      "speedup_p50": 9.78
    },
    "Q2 event type dist": {
      "parquet": {
        "p50": 0.000826,
        "p99": 0.000883,
        "raw": [
          0.001008,
          0.00086,
          0.000826,
          0.000777,
          0.000778,
          0.000883,
          0.000741
        ]
      },
      "jsonl": {
        "p50": 0.021826,
        "p99": 0.030782,
        "raw": [
          0.021444,
          0.021682,
          0.021958,
          0.030782,
          0.021826,
          0.021407,
          0.035206
        ]
      },
      "speedup_p50": 26.43
    },
    "Q3 recent events filter": {
      "parquet": {
        "p50": 0.000921,
        "p99": 0.000975,
        "raw": [
          0.002745,
          0.000913,
          0.000975,
          0.000921,
          0.000921,
          0.00082,
          0.000824
        ]
      },
      "jsonl": {
        "p50": 0.037903,
        "p99": 0.038653,
        "raw": [
          0.037807,
          0.038245,
          0.041419,
          0.038653,
          0.037903,
          0.037373,
          0.037826
        ]
      },
      "speedup_p50": 41.17
    },
    "Q4 actor activity": {
      "parquet": {
        "p50": 0.001356,
        "p99": 0.001654,
        "raw": [
          0.00299,
          0.001654,
          0.001348,
          0.001356,
          0.001283,
          0.001327,
          0.001364
        ]
      },
      "jsonl": {
        "p50": 0.022966,
        "p99": 0.042719,
        "raw": [
          0.021878,
          0.057496,
          0.022319,
          0.02241,
          0.022966,
          0.038431,
          0.042719
        ]
      },
      "speedup_p50": 16.94
    },
    "Q5 push stats aggregation": {
      "parquet": {
        "p50": 0.001993,
        "p99": 0.002008,
        "raw": [
          0.002376,
          0.002008,
          0.001899,
          0.001993,
          0.001939,
          0.00189,
          0.001993
        ]
      },
      "jsonl": {
        "p50": 0.003654,
        "p99": 0.003885,
        "raw": [
          0.003801,
          0.003372,
          0.003291,
          0.003654,
          0.003885,
          0.003453,
          0.006312
        ]
      },
      "speedup_p50": 1.83
    }
  },
  "100000": {
    "Q1 top repos": {
      "parquet": {
        "p50": 0.003308,
        "p99": 0.003977,
        "raw": [
          0.013458,
          0.003308,
          0.003047,
          0.003977,
          0.002922,
          0.003453,
          0.003258
        ]
      },
      "jsonl": {
        "p50": 0.077412,
        "p99": 0.092071,
        "raw": [
          0.120595,
          0.092071,
          0.077412,
          0.070868,
          0.08709,
          0.074717,
          0.075394
        ]
      },
      "speedup_p50": 23.4
    },
    "Q2 event type dist": {
      "parquet": {
        "p50": 0.002201,
        "p99": 0.002275,
        "raw": [
          0.002577,
          0.002242,
          0.002108,
          0.002201,
          0.002135,
          0.002082,
          0.002275
        ]
      },
      "jsonl": {
        "p50": 0.069464,
        "p99": 0.074852,
        "raw": [
          0.069973,
          0.068899,
          0.074852,
          0.069464,
          0.068612,
          0.067787,
          0.105973
        ]
      },
      "speedup_p50": 31.56
    },
    "Q3 recent events filter": {
      "parquet": {
        "p50": 0.00182,
        "p99": 0.002192,
        "raw": [
          0.003127,
          0.002192,
          0.002116,
          0.00182,
          0.001743,
          0.001737,
          0.001659
        ]
      },
      "jsonl": {
        "p50": 0.102731,
        "p99": 0.105801,
        "raw": [
          0.102153,
          0.100478,
          0.102731,
          0.101879,
          0.105801,
          0.10554,
          0.138934
        ]
      },
      "speedup_p50": 56.45
    },
    "Q4 actor activity": {
      "parquet": {
        "p50": 0.005169,
        "p99": 0.006519,
        "raw": [
          0.007608,
          0.006519,
          0.005169,
          0.005291,
          0.004692,
          0.004903,
          0.004697
        ]
      },
      "jsonl": {
        "p50": 0.088144,
        "p99": 0.09186,
        "raw": [
          0.091343,
          0.09186,
          0.118468,
          0.088144,
          0.078233,
          0.083201,
          0.077836
        ]
      },
      "speedup_p50": 17.05
    },
    "Q5 push stats aggregation": {
      "parquet": {
        "p50": 0.012909,
        "p99": 0.019274,
        "raw": [
          0.019274,
          0.014619,
          0.025927,
          0.012909,
          0.010594,
          0.009344,
          0.009873
        ]
      },
      "jsonl": {
        "p50": 0.03716,
        "p99": 0.04724,
        "raw": [
          0.034011,
          0.03716,
          0.034316,
          0.061794,
          0.04724,
          0.04543,
          0.033483
        ]
      },
      "speedup_p50": 2.88
    }
  },
  "500000": {
    "Q1 top repos": {
      "parquet": {
        "p50": 0.009447,
        "p99": 0.018131,
        "raw": [
          0.029134,
          0.018131,
          0.009447,
          0.009078,
          0.012455,
          0.00877,
          0.009045
        ]
      },
      "jsonl": {
        "p50": 0.117354,
        "p99": 0.133679,
        "raw": [
          0.283139,
          0.133679,
          0.117389,
          0.117293,
          0.112839,
          0.117354,
          0.115232
        ]
      },
      "speedup_p50": 12.42
    },
    "Q2 event type dist": {
      "parquet": {
        "p50": 0.008035,
        "p99": 0.008507,
        "raw": [
          0.008554,
          0.008011,
          0.008129,
          0.007924,
          0.007869,
          0.008035,
          0.008507
        ]
      },
      "jsonl": {
        "p50": 0.112528,
        "p99": 0.116279,
        "raw": [
          0.112104,
          0.112528,
          0.115728,
          0.116937,
          0.111073,
          0.111993,
          0.116279
        ]
      },
      "speedup_p50": 14.0
    },
    "Q3 recent events filter": {
      "parquet": {
        "p50": 0.00443,
        "p99": 0.004525,
        "raw": [
          0.006076,
          0.00443,
          0.004505,
          0.00437,
          0.004393,
          0.00411,
          0.004525
        ]
      },
      "jsonl": {
        "p50": 0.155254,
        "p99": 0.158449,
        "raw": [
          0.170087,
          0.145507,
          0.155254,
          0.158449,
          0.156359,
          0.143883,
          0.145304
        ]
      },
      "speedup_p50": 35.04
    },
    "Q4 actor activity": {
      "parquet": {
        "p50": 0.018006,
        "p99": 0.018304,
        "raw": [
          0.019285,
          0.017994,
          0.018304,
          0.018113,
          0.017861,
          0.018006,
          0.017961
        ]
      },
      "jsonl": {
        "p50": 0.12147,
        "p99": 0.12442,
        "raw": [
          0.12147,
          0.118639,
          0.119129,
          0.123038,
          0.12442,
          0.129527,
          0.119519
        ]
      },
      "speedup_p50": 6.75
    },
    "Q5 push stats aggregation": {
      "parquet": {
        "p50": 0.042209,
        "p99": 0.044496,
        "raw": [
          0.044496,
          0.040845,
          0.040608,
          0.040777,
          0.042209,
          0.045265,
          0.042928
        ]
      },